StationID,ECO_ID,ECO_NAME
USH00324958,"50802",Canadian Aspen forests and parklands
USH00101956,"50518",North Central Rockies forests
USH00102845,"50518",North Central Rockies forests
USH00103143,"50518",North Central Rockies forests
USH00104831,"50518",North Central Rockies forests
USH00107264,"50518",North Central Rockies forests
USH00107386,"50518",North Central Rockies forests
USH00108137,"50518",North Central Rockies forests
USH00243139,"50518",North Central Rockies forests
USH00244558,"50518",North Central Rockies forests
USH00245015,"50518",North Central Rockies forests
USH00247318,"50518",North Central Rockies forests
USH00455946,"50518",North Central Rockies forests
USH00256135,"50810",Northern mixed grasslands
USH00320941,"50810",Northern mixed grasslands
USH00321871,"50810",Northern mixed grasslands
USH00323287,"50810",Northern mixed grasslands
USH00324418,"50810",Northern mixed grasslands
USH00325220,"50810",Northern mixed grasslands
USH00328792,"50810",Northern mixed grasslands
USH00329445,"50810",Northern mixed grasslands
USH00390020,"50810",Northern mixed grasslands
USH00390128,"50810",Northern mixed grasslands
USH00392927,"50810",Northern mixed grasslands
USH00393029,"50810",Northern mixed grasslands
USH00394037,"50810",Northern mixed grasslands
USH00395456,"50810",Northern mixed grasslands
USH00395481,"50810",Northern mixed grasslands
USH00451504,"50507",Cascade Mountains leeward forests
USH00458059,"50507",Cascade Mountains leeward forests
USH00241722,"50811",Northern short grasslands
USH00241737,"50811",Northern short grasslands
USH00242173,"50811",Northern short grasslands
USH00242689,"50811",Northern short grasslands
USH00243013,"50811",Northern short grasslands
USH00243089,"50811",Northern short grasslands
USH00243110,"50811",Northern short grasslands
USH00243558,"50811",Northern short grasslands
USH00243581,"50811",Northern short grasslands
USH00244345,"50811",Northern short grasslands
USH00244364,"50811",Northern short grasslands
USH00244522,"50811",Northern short grasslands
USH00245338,"50811",Northern short grasslands
USH00245572,"50811",Northern short grasslands
USH00245668,"50811",Northern short grasslands
USH00245690,"50811",Northern short grasslands
USH00245761,"50811",Northern short grasslands
USH00246601,"50811",Northern short grasslands
USH00247382,"50811",Northern short grasslands
USH00248501,"50811",Northern short grasslands
USH00248569,"50811",Northern short grasslands
USH00253615,"50811",Northern short grasslands
USH00322188,"50811",Northern short grasslands
USH00322365,"50811",Northern short grasslands
USH00323207,"50811",Northern short grasslands
USH00324178,"50811",Northern short grasslands
USH00325479,"50811",Northern short grasslands
USH00326015,"50811",Northern short grasslands
USH00326155,"50811",Northern short grasslands
USH00326255,"50811",Northern short grasslands
USH00326315,"50811",Northern short grasslands
USH00327530,"50811",Northern short grasslands
USH00390043,"50811",Northern short grasslands
USH00391972,"50811",Northern short grasslands
USH00392429,"50811",Northern short grasslands
USH00392797,"50811",Northern short grasslands
USH00393217,"50811",Northern short grasslands
USH00393832,"50811",Northern short grasslands
USH00394007,"50811",Northern short grasslands
USH00394516,"50811",Northern short grasslands
USH00395891,"50811",Northern short grasslands
USH00396170,"50811",Northern short grasslands
USH00396597,"50811",Northern short grasslands
USH00396947,"50811",Northern short grasslands
USH00399442,"50811",Northern short grasslands
USH00481905,"50811",Northern short grasslands
USH00485830,"50811",Northern short grasslands
USH00486195,"50811",Northern short grasslands
USH00486660,"50811",Northern short grasslands
USH00488160,"50811",Northern short grasslands
USH00489615,"50811",Northern short grasslands
USH00451630,"50522",Okanogan dry forests
USH00240199,"50808",Montana Valley and Foothill grasslands
USH00240364,"50808",Montana Valley and Foothill grasslands
USH00241044,"50808",Montana Valley and Foothill grasslands
USH00241552,"50808",Montana Valley and Foothill grasslands
USH00242409,"50808",Montana Valley and Foothill grasslands
USH00242793,"50808",Montana Valley and Foothill grasslands
USH00243751,"50808",Montana Valley and Foothill grasslands
USH00243885,"50808",Montana Valley and Foothill grasslands
USH00244055,"50808",Montana Valley and Foothill grasslands
USH00246157,"50808",Montana Valley and Foothill grasslands
USH00246472,"50808",Montana Valley and Foothill grasslands
USH00247286,"50808",Montana Valley and Foothill grasslands
USH00248597,"50808",Montana Valley and Foothill grasslands
USH00210018,"50812",Northern tall grasslands
USH00210252,"50812",Northern tall grasslands
USH00321408,"50812",Northern tall grasslands
USH00323594,"50812",Northern tall grasslands
USH00323621,"50812",Northern tall grasslands
USH00324203,"50812",Northern tall grasslands
USH00326947,"50812",Northern tall grasslands
USH00329100,"50812",Northern tall grasslands
USH00201439,"50416",Western Great Lakes forests
USH00201486,"50416",Western Great Lakes forests
USH00202737,"50416",Western Great Lakes forests
USH00204090,"50416",Western Great Lakes forests
USH00204104,"50416",Western Great Lakes forests
USH00205690,"50416",Western Great Lakes forests
USH00205816,"50416",Western Great Lakes forests
USH00207812,"50416",Western Great Lakes forests
USH00210515,"50416",Western Great Lakes forests
USH00211630,"50416",Western Great Lakes forests
USH00212645,"50416",Western Great Lakes forests
USH00213303,"50416",Western Great Lakes forests
USH00214106,"50416",Western Great Lakes forests
USH00214652,"50416",Western Great Lakes forests
USH00215175,"50416",Western Great Lakes forests
USH00216360,"50416",Western Great Lakes forests
USH00216547,"50416",Western Great Lakes forests
USH00217087,"50416",Western Great Lakes forests
USH00217460,"50416",Western Great Lakes forests
USH00218419,"50416",Western Great Lakes forests
USH00218618,"50416",Western Great Lakes forests
USH00470349,"50416",Western Great Lakes forests
USH00475516,"50416",Western Great Lakes forests
USH00478027,"50416",Western Great Lakes forests
USH00450587,"50524",Puget lowland forests
USH00450729,"50524",Puget lowland forests
USH00450945,"50524",Puget lowland forests
USH00451276,"50524",Puget lowland forests
USH00451484,"50524",Puget lowland forests
USH00452675,"50524",Puget lowland forests
USH00454769,"50524",Puget lowland forests
USH00455224,"50524",Puget lowland forests
USH00457458,"50524",Puget lowland forests
USH00457507,"50524",Puget lowland forests
USH00457773,"50524",Puget lowland forests
USH00105241,"50813",Palouse grasslands
USH00106152,"50813",Palouse grasslands
USH00353827,"50813",Palouse grasslands
USH00355593,"50813",Palouse grasslands
USH00355734,"50813",Palouse grasslands
USH00356634,"50813",Palouse grasslands
USH00358997,"50813",Palouse grasslands
USH00451666,"50813",Palouse grasslands
USH00452007,"50813",Palouse grasslands
USH00452030,"50813",Palouse grasslands
USH00456610,"50813",Palouse grasslands
USH00456789,"50813",Palouse grasslands
USH00457267,"50813",Palouse grasslands
USH00457938,"50813",Palouse grasslands
USH00458928,"50813",Palouse grasslands
USH00459012,"50813",Palouse grasslands
USH00459238,"50813",Palouse grasslands
USH00459376,"50813",Palouse grasslands
USH00062658,"50410",New England/Acadian forests
USH00170814,"50410",New England/Acadian forests
USH00172765,"50410",New England/Acadian forests
USH00173944,"50410",New England/Acadian forests
USH00175304,"50410",New England/Acadian forests
USH00176937,"50410",New England/Acadian forests
USH00179891,"50410",New England/Acadian forests
USH00193213,"50410",New England/Acadian forests
USH00270706,"50410",New England/Acadian forests
USH00272999,"50410",New England/Acadian forests
USH00274399,"50410",New England/Acadian forests
USH00431243,"50410",New England/Acadian forests
USH00431360,"50410",New England/Acadian forests
USH00432769,"50410",New England/Acadian forests
USH00437054,"50410",New England/Acadian forests
USH00437612,"50410",New England/Acadian forests
USH00350328,"50510",Central Pacific coastal forests
USH00356032,"50510",Central Pacific coastal forests
USH00356073,"50510",Central Pacific coastal forests
USH00358494,"50510",Central Pacific coastal forests
USH00452914,"50510",Central Pacific coastal forests
USH00454748,"50510",Central Pacific coastal forests
USH00456914,"50510",Central Pacific coastal forests
USH00456624,"50524",Puget lowland forests
USH00451939,"50524",Puget lowland forests
USH00132864,"50415",Upper Midwest Forest/Savanna transition zone
USH00211465,"50415",Upper Midwest Forest/Savanna transition zone
USH00212142,"50415",Upper Midwest Forest/Savanna transition zone
USH00212916,"50415",Upper Midwest Forest/Savanna transition zone
USH00215435,"50415",Upper Midwest Forest/Savanna transition zone
USH00215615,"50415",Upper Midwest Forest/Savanna transition zone
USH00217405,"50415",Upper Midwest Forest/Savanna transition zone
USH00470991,"50415",Upper Midwest Forest/Savanna transition zone
USH00471078,"50415",Upper Midwest Forest/Savanna transition zone
USH00472001,"50415",Upper Midwest Forest/Savanna transition zone
USH00472839,"50415",Upper Midwest Forest/Savanna transition zone
USH00473405,"50415",Upper Midwest Forest/Savanna transition zone
USH00474546,"50415",Upper Midwest Forest/Savanna transition zone
USH00475017,"50415",Upper Midwest Forest/Savanna transition zone
USH00475120,"50415",Upper Midwest Forest/Savanna transition zone
USH00475255,"50415",Upper Midwest Forest/Savanna transition zone
USH00475474,"50415",Upper Midwest Forest/Savanna transition zone
USH00475808,"50415",Upper Midwest Forest/Savanna transition zone
USH00475932,"50415",Upper Midwest Forest/Savanna transition zone
USH00476208,"50415",Upper Midwest Forest/Savanna transition zone
USH00476330,"50415",Upper Midwest Forest/Savanna transition zone
USH00476718,"50415",Upper Midwest Forest/Savanna transition zone
USH00476827,"50415",Upper Midwest Forest/Savanna transition zone
USH00478110,"50415",Upper Midwest Forest/Savanna transition zone
USH00478827,"50415",Upper Midwest Forest/Savanna transition zone
USH00478919,"50415",Upper Midwest Forest/Savanna transition zone
USH00351765,"51309",Snake/Columbia shrub steppe
USH00352440,"51309",Snake/Columbia shrub steppe
USH00353847,"51309",Snake/Columbia shrub steppe
USH00452505,"51309",Snake/Columbia shrub steppe
USH00453222,"51309",Snake/Columbia shrub steppe
USH00454154,"51309",Snake/Columbia shrub steppe
USH00456039,"51309",Snake/Columbia shrub steppe
USH00457059,"51309",Snake/Columbia shrub steppe
USH00458207,"51309",Snake/Columbia shrub steppe
USH00459074,"51309",Snake/Columbia shrub steppe
USH00300042,"50407",Eastern Great Lakes lowland forests
USH00301401,"50407",Eastern Great Lakes lowland forests
USH00304791,"50407",Eastern Great Lakes lowland forests
USH00304796,"50407",Eastern Great Lakes lowland forests
USH00304996,"50407",Eastern Great Lakes lowland forests
USH00306164,"50407",Eastern Great Lakes lowland forests
USH00307484,"50407",Eastern Great Lakes lowland forests
USH00308383,"50407",Eastern Great Lakes lowland forests
USH00308737,"50407",Eastern Great Lakes lowland forests
USH00309000,"50407",Eastern Great Lakes lowland forests
USH00431081,"50407",Eastern Great Lakes lowland forests
USH00431580,"50407",Eastern Great Lakes lowland forests
USH00437607,"50407",Eastern Great Lakes lowland forests
USH00351433,"50508",Central and Southern Cascades forests
USH00351946,"50508",Central and Southern Cascades forests
USH00353770,"50508",Central and Southern Cascades forests
USH00355362,"50508",Central and Southern Cascades forests
USH00356907,"50508",Central and Southern Cascades forests
USH00358466,"50508",Central and Southern Cascades forests
USH00451233,"50508",Central and Southern Cascades forests
USH00454764,"50508",Central and Southern Cascades forests
USH00353095,"50512",Eastern Cascades forests
USH00354003,"50512",Eastern Cascades forests
USH00354506,"50512",Eastern Cascades forests
USH00354670,"50512",Eastern Cascades forests
USH00244038,"50528",South Central Rockies forests
USH00245080,"50528",South Central Rockies forests
USH00246918,"50528",South Central Rockies forests
USH00248857,"50528",South Central Rockies forests
USH00482715,"50528",South Central Rockies forests
USH00485345,"50528",South Central Rockies forests
USH00486440,"50528",South Central Rockies forests
USH00489905,"50528",South Central Rockies forests
USH00104845,"50528",South Central Rockies forests
USH00105462,"50528",South Central Rockies forests
USH00106388,"50528",South Central Rockies forests
USH00240780,"50808",Montana Valley and Foothill grasslands
USH00248930,"50808",Montana Valley and Foothill grasslands
USH00101408,"50505",Blue Mountains forests
USH00350412,"50505",Blue Mountains forests
USH00358746,"50505",Blue Mountains forests
USH00130133,"50805",Central tall grasslands
USH00130600,"50805",Central tall grasslands
USH00131402,"50805",Central tall grasslands
USH00131533,"50805",Central tall grasslands
USH00131635,"50805",Central tall grasslands
USH00132724,"50805",Central tall grasslands
USH00132789,"50805",Central tall grasslands
USH00132977,"50805",Central tall grasslands
USH00132999,"50805",Central tall grasslands
USH00134063,"50805",Central tall grasslands
USH00134142,"50805",Central tall grasslands
USH00134735,"50805",Central tall grasslands
USH00134894,"50805",Central tall grasslands
USH00135952,"50805",Central tall grasslands
USH00137147,"50805",Central tall grasslands
USH00137161,"50805",Central tall grasslands
USH00137979,"50805",Central tall grasslands
USH00138296,"50805",Central tall grasslands
USH00138688,"50805",Central tall grasslands
USH00143810,"50805",Central tall grasslands
USH00210075,"50805",Central tall grasslands
USH00212698,"50805",Central tall grasslands
USH00212737,"50805",Central tall grasslands
USH00213290,"50805",Central tall grasslands
USH00215400,"50805",Central tall grasslands
USH00215563,"50805",Central tall grasslands
USH00215638,"50805",Central tall grasslands
USH00215887,"50805",Central tall grasslands
USH00216152,"50805",Central tall grasslands
USH00216565,"50805",Central tall grasslands
USH00219046,"50805",Central tall grasslands
USH00219249,"50805",Central tall grasslands
USH00231822,"50805",Central tall grasslands
USH00250375,"50805",Central tall grasslands
USH00250435,"50805",Central tall grasslands
USH00252020,"50805",Central tall grasslands
USH00253630,"50805",Central tall grasslands
USH00256570,"50805",Central tall grasslands
USH00258395,"50805",Central tall grasslands
USH00258465,"50805",Central tall grasslands
USH00258480,"50805",Central tall grasslands
USH00258915,"50805",Central tall grasslands
USH00259090,"50805",Central tall grasslands
USH00391392,"50805",Central tall grasslands
USH00391739,"50805",Central tall grasslands
USH00395536,"50805",Central tall grasslands
USH00398622,"50805",Central tall grasslands
USH00398932,"50805",Central tall grasslands
USH00351862,"50417",Willamette Valley forests
USH00351897,"50417",Willamette Valley forests
USH00352997,"50417",Willamette Valley forests
USH00355384,"50417",Willamette Valley forests
USH00458773,"50417",Willamette Valley forests
USH00201492,"50416",Western Great Lakes forests
USH00041614,"51309",Snake/Columbia shrub steppe
USH00100010,"51309",Snake/Columbia shrub steppe
USH00100448,"51309",Snake/Columbia shrub steppe
USH00100470,"51309",Snake/Columbia shrub steppe
USH00103631,"51309",Snake/Columbia shrub steppe
USH00104140,"51309",Snake/Columbia shrub steppe
USH00104295,"51309",Snake/Columbia shrub steppe
USH00104670,"51309",Snake/Columbia shrub steppe
USH00105685,"51309",Snake/Columbia shrub steppe
USH00106305,"51309",Snake/Columbia shrub steppe
USH00106542,"51309",Snake/Columbia shrub steppe
USH00106891,"51309",Snake/Columbia shrub steppe
USH00108080,"51309",Snake/Columbia shrub steppe
USH00350694,"51309",Snake/Columbia shrub steppe
USH00352135,"51309",Snake/Columbia shrub steppe
USH00355162,"51309",Snake/Columbia shrub steppe
USH00356426,"51309",Snake/Columbia shrub steppe
USH00356883,"51309",Snake/Columbia shrub steppe
USH00358797,"51309",Snake/Columbia shrub steppe
USH00480140,"51309",Snake/Columbia shrub steppe
USH00100803,"51313",Wyoming Basin shrub steppe
USH00105275,"51313",Wyoming Basin shrub steppe
USH00424856,"51313",Wyoming Basin shrub steppe
USH00429595,"51313",Wyoming Basin shrub steppe
USH00480540,"51313",Wyoming Basin shrub steppe
USH00480552,"51313",Wyoming Basin shrub steppe
USH00481840,"51313",Wyoming Basin shrub steppe
USH00482595,"51313",Wyoming Basin shrub steppe
USH00483100,"51313",Wyoming Basin shrub steppe
USH00484065,"51313",Wyoming Basin shrub steppe
USH00485415,"51313",Wyoming Basin shrub steppe
USH00487115,"51313",Wyoming Basin shrub steppe
USH00487260,"51313",Wyoming Basin shrub steppe
USH00487388,"51313",Wyoming Basin shrub steppe
USH00487760,"51313",Wyoming Basin shrub steppe
USH00487845,"51313",Wyoming Basin shrub steppe
USH00487990,"51313",Wyoming Basin shrub steppe
USH00489770,"51313",Wyoming Basin shrub steppe
USH00063207,"50411",Northeastern coastal forests
USH00067970,"50411",Northeastern coastal forests
USH00068138,"50411",Northeastern coastal forests
USH00076410,"50411",Northeastern coastal forests
USH00079605,"50411",Northeastern coastal forests
USH00171628,"50411",Northeastern coastal forests
USH00173046,"50411",Northeastern coastal forests
USH00174566,"50411",Northeastern coastal forests
USH00176905,"50411",Northeastern coastal forests
USH00189440,"50411",Northeastern coastal forests
USH00189750,"50411",Northeastern coastal forests
USH00190120,"50411",Northeastern coastal forests
USH00190535,"50411",Northeastern coastal forests
USH00190736,"50411",Northeastern coastal forests
USH00194105,"50411",Northeastern coastal forests
USH00195246,"50411",Northeastern coastal forests
USH00196486,"50411",Northeastern coastal forests
USH00196783,"50411",Northeastern coastal forests
USH00198367,"50411",Northeastern coastal forests
USH00198757,"50411",Northeastern coastal forests
USH00199316,"50411",Northeastern coastal forests
USH00272174,"50411",Northeastern coastal forests
USH00280907,"50411",Northeastern coastal forests
USH00281582,"50411",Northeastern coastal forests
USH00283029,"50411",Northeastern coastal forests
USH00283951,"50411",Northeastern coastal forests
USH00284987,"50411",Northeastern coastal forests
USH00285728,"50411",Northeastern coastal forests
USH00286055,"50411",Northeastern coastal forests
USH00287079,"50411",Northeastern coastal forests
USH00302129,"50411",Northeastern coastal forests
USH00303259,"50411",Northeastern coastal forests
USH00305801,"50411",Northeastern coastal forests
USH00306820,"50411",Northeastern coastal forests
USH00308248,"50411",Northeastern coastal forests
USH00308600,"50411",Northeastern coastal forests
USH00309292,"50411",Northeastern coastal forests
USH00309670,"50411",Northeastern coastal forests
USH00362537,"50411",Northeastern coastal forests
USH00369464,"50411",Northeastern coastal forests
USH00369933,"50411",Northeastern coastal forests
USH00374266,"50411",Northeastern coastal forests
USH00376698,"50411",Northeastern coastal forests
USH00172426,"50410",New England/Acadian forests
USH00301185,"50406",Eastern forest/boreal transition
USH00301966,"50406",Eastern forest/boreal transition
USH00303319,"50406",Eastern forest/boreal transition
USH00304102,"50406",Eastern forest/boreal transition
USH00304555,"50406",Eastern forest/boreal transition
USH00304647,"50406",Eastern forest/boreal transition
USH00304912,"50406",Eastern forest/boreal transition
USH00308631,"50406",Eastern forest/boreal transition
USH00308944,"50406",Eastern forest/boreal transition
USH00273850,"50411",Northeastern coastal forests
USH00120177,"50414",Southern Great Lakes forests
USH00120200,"50414",Southern Great Lakes forests
USH00120676,"50414",Southern Great Lakes forests
USH00121229,"50414",Southern Great Lakes forests
USH00121425,"50414",Southern Great Lakes forests
USH00121747,"50414",Southern Great Lakes forests
USH00121873,"50414",Southern Great Lakes forests
USH00122149,"50414",Southern Great Lakes forests
USH00123418,"50414",Southern Great Lakes forests
USH00123513,"50414",Southern Great Lakes forests
USH00123527,"50414",Southern Great Lakes forests
USH00124181,"50414",Southern Great Lakes forests
USH00124837,"50414",Southern Great Lakes forests
USH00125337,"50414",Southern Great Lakes forests
USH00127482,"50414",Southern Great Lakes forests
USH00127646,"50414",Southern Great Lakes forests
USH00127875,"50414",Southern Great Lakes forests
USH00127935,"50414",Southern Great Lakes forests
USH00129557,"50414",Southern Great Lakes forests
USH00129670,"50414",Southern Great Lakes forests
USH00200032,"50414",Southern Great Lakes forests
USH00200128,"50414",Southern Great Lakes forests
USH00200146,"50414",Southern Great Lakes forests
USH00200230,"50414",Southern Great Lakes forests
USH00200779,"50414",Southern Great Lakes forests
USH00201675,"50414",Southern Great Lakes forests
USH00202423,"50414",Southern Great Lakes forests
USH00203632,"50414",Southern Great Lakes forests
USH00203823,"50414",Southern Great Lakes forests
USH00204244,"50414",Southern Great Lakes forests
USH00205434,"50414",Southern Great Lakes forests
USH00205650,"50414",Southern Great Lakes forests
USH00205662,"50414",Southern Great Lakes forests
USH00206300,"50414",Southern Great Lakes forests
USH00207690,"50414",Southern Great Lakes forests
USH00300321,"50414",Southern Great Lakes forests
USH00300443,"50414",Southern Great Lakes forests
USH00300937,"50414",Southern Great Lakes forests
USH00301012,"50414",Southern Great Lakes forests
USH00303033,"50414",Southern Great Lakes forests
USH00303184,"50414",Southern Great Lakes forests
USH00304844,"50414",Southern Great Lakes forests
USH00306314,"50414",Southern Great Lakes forests
USH00307167,"50414",Southern Great Lakes forests
USH00331072,"50414",Southern Great Lakes forests
USH00331541,"50414",Southern Great Lakes forests
USH00331592,"50414",Southern Great Lakes forests
USH00332098,"50414",Southern Great Lakes forests
USH00332119,"50414",Southern Great Lakes forests
USH00332791,"50414",Southern Great Lakes forests
USH00333375,"50414",Southern Great Lakes forests
USH00333758,"50414",Southern Great Lakes forests
USH00333780,"50414",Southern Great Lakes forests
USH00334189,"50414",Southern Great Lakes forests
USH00335297,"50414",Southern Great Lakes forests
USH00335315,"50414",Southern Great Lakes forests
USH00336118,"50414",Southern Great Lakes forests
USH00336196,"50414",Southern Great Lakes forests
USH00338313,"50414",Southern Great Lakes forests
USH00338534,"50414",Southern Great Lakes forests
USH00338552,"50414",Southern Great Lakes forests
USH00338769,"50414",Southern Great Lakes forests
USH00338822,"50414",Southern Great Lakes forests
USH00339312,"50414",Southern Great Lakes forests
USH00362682,"50414",Southern Great Lakes forests
USH00363526,"50414",Southern Great Lakes forests
USH00366233,"50414",Southern Great Lakes forests
USH00170100,"50410",New England/Acadian forests
USH00043761,"50516",Klamath-Siskiyou forests
USH00045983,"50516",Klamath-Siskiyou forests
USH00046508,"50516",Klamath-Siskiyou forests
USH00049490,"50516",Klamath-Siskiyou forests
USH00049866,"50516",Klamath-Siskiyou forests
USH00350304,"50516",Klamath-Siskiyou forests
USH00352406,"50516",Klamath-Siskiyou forests
USH00353445,"50516",Klamath-Siskiyou forests
USH00357169,"50516",Klamath-Siskiyou forests
USH00357331,"50516",Klamath-Siskiyou forests
USH00044232,"51305",Great Basin shrub steppe
USH00103732,"51305",Great Basin shrub steppe
USH00105559,"51305",Great Basin shrub steppe
USH00260507,"51305",Great Basin shrub steppe
USH00260691,"51305",Great Basin shrub steppe
USH00262573,"51305",Great Basin shrub steppe
USH00262780,"51305",Great Basin shrub steppe
USH00263245,"51305",Great Basin shrub steppe
USH00264698,"51305",Great Basin shrub steppe
USH00264950,"51305",Great Basin shrub steppe
USH00265168,"51305",Great Basin shrub steppe
USH00266779,"51305",Great Basin shrub steppe
USH00268988,"51305",Great Basin shrub steppe
USH00269171,"51305",Great Basin shrub steppe
USH00421731,"51305",Great Basin shrub steppe
USH00422101,"51305",Great Basin shrub steppe
USH00422726,"51305",Great Basin shrub steppe
USH00422828,"51305",Great Basin shrub steppe
USH00425186,"51305",Great Basin shrub steppe
USH00425752,"51305",Great Basin shrub steppe
USH00426404,"51305",Great Basin shrub steppe
USH00426686,"51305",Great Basin shrub steppe
USH00427260,"51305",Great Basin shrub steppe
USH00427714,"51305",Great Basin shrub steppe
USH00428771,"51305",Great Basin shrub steppe
USH00428973,"51305",Great Basin shrub steppe
USH00429382,"51305",Great Basin shrub steppe
USH00050848,"50815",Western short grasslands
USH00051294,"50815",Western short grasslands
USH00051564,"50815",Western short grasslands
USH00052446,"50815",Western short grasslands
USH00053005,"50815",Western short grasslands
USH00053038,"50815",Western short grasslands
USH00054076,"50815",Western short grasslands
USH00054770,"50815",Western short grasslands
USH00054834,"50815",Western short grasslands
USH00057167,"50815",Western short grasslands
USH00059243,"50815",Western short grasslands
USH00140365,"50815",Western short grasslands
USH00141704,"50815",Western short grasslands
USH00144464,"50815",Western short grasslands
USH00144695,"50815",Western short grasslands
USH00147093,"50815",Western short grasslands
USH00147271,"50815",Western short grasslands
USH00250130,"50815",Western short grasslands
USH00251145,"50815",Western short grasslands
USH00253715,"50815",Western short grasslands
USH00254110,"50815",Western short grasslands
USH00254440,"50815",Western short grasslands
USH00254900,"50815",Western short grasslands
USH00290858,"50815",Western short grasslands
USH00291887,"50815",Western short grasslands
USH00293294,"50815",Western short grasslands
USH00297867,"50815",Western short grasslands
USH00298501,"50815",Western short grasslands
USH00299156,"50815",Western short grasslands
USH00340593,"50815",Western short grasslands
USH00340908,"50815",Western short grasslands
USH00343628,"50815",Western short grasslands
USH00343871,"50815",Western short grasslands
USH00344298,"50815",Western short grasslands
USH00344766,"50815",Western short grasslands
USH00411000,"50815",Western short grasslands
USH00412121,"50815",Western short grasslands
USH00415875,"50815",Western short grasslands
USH00416135,"50815",Western short grasslands
USH00417079,"50815",Western short grasslands
USH00418201,"50815",Western short grasslands
USH00418692,"50815",Western short grasslands
USH00481675,"50815",Western short grasslands
USH00481730,"50815",Western short grasslands
USH00487240,"50815",Western short grasslands
USH00488995,"50815",Western short grasslands
USH00250420,"50809",Nebraska Sand Hills mixed grasslands
USH00255470,"50809",Nebraska Sand Hills mixed grasslands
USH00256970,"50809",Nebraska Sand Hills mixed grasslands
USH00258133,"50809",Nebraska Sand Hills mixed grasslands
USH00300023,"50401",Allegheny Highlands forests
USH00300085,"50401",Allegheny Highlands forests
USH00300093,"50401",Allegheny Highlands forests
USH00300183,"50401",Allegheny Highlands forests
USH00300687,"50401",Allegheny Highlands forests
USH00301752,"50401",Allegheny Highlands forests
USH00301799,"50401",Allegheny Highlands forests
USH00301974,"50401",Allegheny Highlands forests
USH00302060,"50401",Allegheny Highlands forests
USH00302610,"50401",Allegheny Highlands forests
USH00303773,"50401",Allegheny Highlands forests
USH00304174,"50401",Allegheny Highlands forests
USH00305113,"50401",Allegheny Highlands forests
USH00305512,"50401",Allegheny Highlands forests
USH00306085,"50401",Allegheny Highlands forests
USH00306774,"50401",Allegheny Highlands forests
USH00308910,"50401",Allegheny Highlands forests
USH00363028,"50401",Allegheny Highlands forests
USH00365915,"50401",Allegheny Highlands forests
USH00367029,"50401",Allegheny Highlands forests
USH00367477,"50401",Allegheny Highlands forests
USH00368905,"50401",Allegheny Highlands forests
USH00369298,"50401",Allegheny Highlands forests
USH00369408,"50401",Allegheny Highlands forests
USH00051528,"50511",Colorado Rockies forests
USH00052281,"50511",Colorado Rockies forests
USH00053951,"50511",Colorado Rockies forests
USH00057936,"50511",Colorado Rockies forests
USH00058204,"50511",Colorado Rockies forests
USH00058429,"50511",Colorado Rockies forests
USH00291664,"50511",Colorado Rockies forests
USH00291813,"50511",Colorado Rockies forests
USH00292608,"50511",Colorado Rockies forests
USH00294369,"50511",Colorado Rockies forests
USH00297323,"50511",Colorado Rockies forests
USH00110072,"50804",Central forest/grasslands transition zone
USH00110338,"50804",Central forest/grasslands transition zone
USH00111280,"50804",Central forest/grasslands transition zone
USH00111436,"50804",Central forest/grasslands transition zone
USH00112140,"50804",Central forest/grasslands transition zone
USH00112193,"50804",Central forest/grasslands transition zone
USH00112348,"50804",Central forest/grasslands transition zone
USH00113335,"50804",Central forest/grasslands transition zone
USH00114108,"50804",Central forest/grasslands transition zone
USH00114198,"50804",Central forest/grasslands transition zone
USH00114442,"50804",Central forest/grasslands transition zone
USH00114823,"50804",Central forest/grasslands transition zone
USH00115079,"50804",Central forest/grasslands transition zone
USH00115326,"50804",Central forest/grasslands transition zone
USH00115712,"50804",Central forest/grasslands transition zone
USH00115768,"50804",Central forest/grasslands transition zone
USH00115833,"50804",Central forest/grasslands transition zone
USH00115901,"50804",Central forest/grasslands transition zone
USH00115943,"50804",Central forest/grasslands transition zone
USH00116446,"50804",Central forest/grasslands transition zone
USH00116526,"50804",Central forest/grasslands transition zone
USH00116579,"50804",Central forest/grasslands transition zone
USH00116610,"50804",Central forest/grasslands transition zone
USH00116738,"50804",Central forest/grasslands transition zone
USH00116910,"50804",Central forest/grasslands transition zone
USH00117551,"50804",Central forest/grasslands transition zone
USH00118740,"50804",Central forest/grasslands transition zone
USH00118916,"50804",Central forest/grasslands transition zone
USH00119241,"50804",Central forest/grasslands transition zone
USH00119354,"50804",Central forest/grasslands transition zone
USH00124008,"50804",Central forest/grasslands transition zone
USH00127298,"50804",Central forest/grasslands transition zone
USH00129511,"50804",Central forest/grasslands transition zone
USH00130112,"50804",Central forest/grasslands transition zone
USH00135769,"50804",Central forest/grasslands transition zone
USH00135796,"50804",Central forest/grasslands transition zone
USH00140405,"50804",Central forest/grasslands transition zone
USH00141740,"50804",Central forest/grasslands transition zone
USH00142835,"50804",Central forest/grasslands transition zone
USH00143954,"50804",Central forest/grasslands transition zone
USH00144559,"50804",Central forest/grasslands transition zone
USH00144588,"50804",Central forest/grasslands transition zone
USH00145972,"50804",Central forest/grasslands transition zone
USH00146128,"50804",Central forest/grasslands transition zone
USH00230204,"50804",Central forest/grasslands transition zone
USH00230856,"50804",Central forest/grasslands transition zone
USH00231037,"50804",Central forest/grasslands transition zone
USH00231711,"50804",Central forest/grasslands transition zone
USH00234271,"50804",Central forest/grasslands transition zone
USH00234705,"50804",Central forest/grasslands transition zone
USH00234850,"50804",Central forest/grasslands transition zone
USH00234904,"50804",Central forest/grasslands transition zone
USH00235027,"50804",Central forest/grasslands transition zone
USH00235541,"50804",Central forest/grasslands transition zone
USH00235671,"50804",Central forest/grasslands transition zone
USH00237963,"50804",Central forest/grasslands transition zone
USH00238051,"50804",Central forest/grasslands transition zone
USH00238223,"50804",Central forest/grasslands transition zone
USH00238523,"50804",Central forest/grasslands transition zone
USH00238725,"50804",Central forest/grasslands transition zone
USH00340017,"50804",Central forest/grasslands transition zone
USH00340256,"50804",Central forest/grasslands transition zone
USH00340292,"50804",Central forest/grasslands transition zone
USH00340548,"50804",Central forest/grasslands transition zone
USH00341828,"50804",Central forest/grasslands transition zone
USH00342678,"50804",Central forest/grasslands transition zone
USH00343821,"50804",Central forest/grasslands transition zone
USH00344235,"50804",Central forest/grasslands transition zone
USH00345779,"50804",Central forest/grasslands transition zone
USH00345855,"50804",Central forest/grasslands transition zone
USH00346130,"50804",Central forest/grasslands transition zone
USH00346638,"50804",Central forest/grasslands transition zone
USH00346670,"50804",Central forest/grasslands transition zone
USH00346926,"50804",Central forest/grasslands transition zone
USH00346935,"50804",Central forest/grasslands transition zone
USH00349445,"50804",Central forest/grasslands transition zone
USH00410120,"50804",Central forest/grasslands transition zone
USH00411138,"50804",Central forest/grasslands transition zone
USH00411772,"50804",Central forest/grasslands transition zone
USH00412598,"50804",Central forest/grasslands transition zone
USH00413420,"50804",Central forest/grasslands transition zone
USH00419532,"50804",Central forest/grasslands transition zone
USH00476922,"50804",Central forest/grasslands transition zone
USH00423809,"50530",Wasatch and Uinta montane forests
USH00425065,"50530",Wasatch and Uinta montane forests
USH00425402,"50530",Wasatch and Uinta montane forests
USH00425826,"50530",Wasatch and Uinta montane forests
USH00426135,"50530",Wasatch and Uinta montane forests
USH00427559,"50530",Wasatch and Uinta montane forests
USH00427729,"50530",Wasatch and Uinta montane forests
USH00427909,"50530",Wasatch and Uinta montane forests
USH00428119,"50530",Wasatch and Uinta montane forests
USH00042910,"50519",Northern California coastal forests
USH00043161,"50519",Northern California coastal forests
USH00351055,"50519",Northern California coastal forests
USH00196681,"50504",Atlantic coastal pine barrens
USH00140264,"50803",Central and Southern mixed grasslands
USH00142459,"50803",Central and Southern mixed grasslands
USH00143527,"50803",Central and Southern mixed grasslands
USH00144087,"50803",Central and Southern mixed grasslands
USH00144530,"50803",Central and Southern mixed grasslands
USH00145152,"50803",Central and Southern mixed grasslands
USH00145173,"50803",Central and Southern mixed grasslands
USH00145363,"50803",Central and Southern mixed grasslands
USH00145856,"50803",Central and Southern mixed grasslands
USH00145906,"50803",Central and Southern mixed grasslands
USH00147542,"50803",Central and Southern mixed grasslands
USH00148495,"50803",Central and Southern mixed grasslands
USH00250070,"50803",Central and Southern mixed grasslands
USH00250622,"50803",Central and Southern mixed grasslands
USH00250640,"50803",Central and Southern mixed grasslands
USH00251200,"50803",Central and Southern mixed grasslands
USH00252100,"50803",Central and Southern mixed grasslands
USH00252205,"50803",Central and Southern mixed grasslands
USH00252820,"50803",Central and Southern mixed grasslands
USH00252840,"50803",Central and Southern mixed grasslands
USH00253035,"50803",Central and Southern mixed grasslands
USH00253175,"50803",Central and Southern mixed grasslands
USH00253185,"50803",Central and Southern mixed grasslands
USH00253365,"50803",Central and Southern mixed grasslands
USH00253660,"50803",Central and Southern mixed grasslands
USH00253735,"50803",Central and Southern mixed grasslands
USH00253910,"50803",Central and Southern mixed grasslands
USH00254985,"50803",Central and Southern mixed grasslands
USH00255080,"50803",Central and Southern mixed grasslands
USH00255310,"50803",Central and Southern mixed grasslands
USH00255565,"50803",Central and Southern mixed grasslands
USH00256040,"50803",Central and Southern mixed grasslands
USH00257070,"50803",Central and Southern mixed grasslands
USH00257515,"50803",Central and Southern mixed grasslands
USH00257715,"50803",Central and Southern mixed grasslands
USH00259510,"50803",Central and Southern mixed grasslands
USH00340179,"50803",Central and Southern mixed grasslands
USH00341243,"50803",Central and Southern mixed grasslands
USH00341504,"50803",Central and Southern mixed grasslands
USH00341724,"50803",Central and Southern mixed grasslands
USH00342912,"50803",Central and Southern mixed grasslands
USH00342944,"50803",Central and Southern mixed grasslands
USH00343497,"50803",Central and Southern mixed grasslands
USH00344055,"50803",Central and Southern mixed grasslands
USH00344204,"50803",Central and Southern mixed grasslands
USH00344573,"50803",Central and Southern mixed grasslands
USH00344861,"50803",Central and Southern mixed grasslands
USH00345063,"50803",Central and Southern mixed grasslands
USH00345509,"50803",Central and Southern mixed grasslands
USH00346139,"50803",Central and Southern mixed grasslands
USH00346278,"50803",Central and Southern mixed grasslands
USH00346629,"50803",Central and Southern mixed grasslands
USH00347012,"50803",Central and Southern mixed grasslands
USH00348501,"50803",Central and Southern mixed grasslands
USH00349395,"50803",Central and Southern mixed grasslands
USH00349422,"50803",Central and Southern mixed grasslands
USH00410493,"50803",Central and Southern mixed grasslands
USH00413992,"50803",Central and Southern mixed grasslands
USH00417336,"50803",Central and Southern mixed grasslands
USH00418433,"50803",Central and Southern mixed grasslands
USH00018024,"50403",Appalachian/Blue Ridge forests
USH00018469,"50403",Appalachian/Blue Ridge forests
USH00092475,"50403",Appalachian/Blue Ridge forests
USH00097600,"50403",Appalachian/Blue Ridge forests
USH00182282,"50403",Appalachian/Blue Ridge forests
USH00186620,"50403",Appalachian/Blue Ridge forests
USH00280734,"50403",Appalachian/Blue Ridge forests
USH00305426,"50403",Appalachian/Blue Ridge forests
USH00308906,"50403",Appalachian/Blue Ridge forests
USH00313976,"50403",Appalachian/Blue Ridge forests
USH00314055,"50403",Appalachian/Blue Ridge forests
USH00315340,"50403",Appalachian/Blue Ridge forests
USH00315356,"50403",Appalachian/Blue Ridge forests
USH00318694,"50403",Appalachian/Blue Ridge forests
USH00319147,"50403",Appalachian/Blue Ridge forests
USH00360106,"50403",Appalachian/Blue Ridge forests
USH00361354,"50403",Appalachian/Blue Ridge forests
USH00364896,"50403",Appalachian/Blue Ridge forests
USH00366689,"50403",Appalachian/Blue Ridge forests
USH00367322,"50403",Appalachian/Blue Ridge forests
USH00367931,"50403",Appalachian/Blue Ridge forests
USH00368449,"50403",Appalachian/Blue Ridge forests
USH00368596,"50403",Appalachian/Blue Ridge forests
USH00369728,"50403",Appalachian/Blue Ridge forests
USH00402024,"50403",Appalachian/Blue Ridge forests
USH00406534,"50403",Appalachian/Blue Ridge forests
USH00407884,"50403",Appalachian/Blue Ridge forests
USH00440766,"50403",Appalachian/Blue Ridge forests
USH00441209,"50403",Appalachian/Blue Ridge forests
USH00442208,"50403",Appalachian/Blue Ridge forests
USH00444128,"50403",Appalachian/Blue Ridge forests
USH00444876,"50403",Appalachian/Blue Ridge forests
USH00446626,"50403",Appalachian/Blue Ridge forests
USH00448062,"50403",Appalachian/Blue Ridge forests
USH00449263,"50403",Appalachian/Blue Ridge forests
USH00465707,"50403",Appalachian/Blue Ridge forests
USH00466867,"50403",Appalachian/Blue Ridge forests
USH00017157,"50402",Appalachian mixed mesophytic forests
USH00017304,"50402",Appalachian mixed mesophytic forests
USH00150254,"50402",Appalachian mixed mesophytic forests
USH00150381,"50402",Appalachian mixed mesophytic forests
USH00152791,"50402",Appalachian mixed mesophytic forests
USH00158709,"50402",Appalachian mixed mesophytic forests
USH00331152,"50402",Appalachian mixed mesophytic forests
USH00331890,"50402",Appalachian mixed mesophytic forests
USH00335041,"50402",Appalachian mixed mesophytic forests
USH00336600,"50402",Appalachian mixed mesophytic forests
USH00336781,"50402",Appalachian mixed mesophytic forests
USH00338830,"50402",Appalachian mixed mesophytic forests
USH00364385,"50402",Appalachian mixed mesophytic forests
USH00369050,"50402",Appalachian mixed mesophytic forests
USH00402202,"50402",Appalachian mixed mesophytic forests
USH00461220,"50402",Appalachian mixed mesophytic forests
USH00461330,"50402",Appalachian mixed mesophytic forests
USH00463544,"50402",Appalachian mixed mesophytic forests
USH00465224,"50402",Appalachian mixed mesophytic forests
USH00465626,"50402",Appalachian mixed mesophytic forests
USH00466989,"50402",Appalachian mixed mesophytic forests
USH00467029,"50402",Appalachian mixed mesophytic forests
USH00468384,"50402",Appalachian mixed mesophytic forests
USH00469368,"50402",Appalachian mixed mesophytic forests
USH00469610,"50402",Appalachian mixed mesophytic forests
USH00469683,"50402",Appalachian mixed mesophytic forests
USH00370896,"50411",Northeastern coastal forests
USH00307633,"50411",Northeastern coastal forests
USH00300889,"50504",Atlantic coastal pine barrens
USH00041912,"50527",Sierra Nevada forests
USH00044713,"50527",Sierra Nevada forests
USH00047195,"50527",Sierra Nevada forests
USH00048702,"50527",Sierra Nevada forests
USH00048758,"50527",Sierra Nevada forests
USH00049855,"50527",Sierra Nevada forests
USH00021248,"51304",Colorado Plateau shrublands
USH00023596,"51304",Colorado Plateau shrublands
USH00024089,"51304",Colorado Plateau shrublands
USH00024849,"51304",Colorado Plateau shrublands
USH00027435,"51304",Colorado Plateau shrublands
USH00027716,"51304",Colorado Plateau shrublands
USH00051741,"51304",Colorado Plateau shrublands
USH00052184,"51304",Colorado Plateau shrublands
USH00053146,"51304",Colorado Plateau shrublands
USH00053662,"51304",Colorado Plateau shrublands
USH00055322,"51304",Colorado Plateau shrublands
USH00055722,"51304",Colorado Plateau shrublands
USH00057337,"51304",Colorado Plateau shrublands
USH00290692,"51304",Colorado Plateau shrublands
USH00291515,"51304",Colorado Plateau shrublands
USH00294862,"51304",Colorado Plateau shrublands
USH00295150,"51304",Colorado Plateau shrublands
USH00298107,"51304",Colorado Plateau shrublands
USH00420086,"51304",Colorado Plateau shrublands
USH00420738,"51304",Colorado Plateau shrublands
USH00420788,"51304",Colorado Plateau shrublands
USH00422253,"51304",Colorado Plateau shrublands
USH00422592,"51304",Colorado Plateau shrublands
USH00422996,"51304",Colorado Plateau shrublands
USH00423418,"51304",Colorado Plateau shrublands
USH00423611,"51304",Colorado Plateau shrublands
USH00424508,"51304",Colorado Plateau shrublands
USH00425477,"51304",Colorado Plateau shrublands
USH00425733,"51304",Colorado Plateau shrublands
USH00426601,"51304",Colorado Plateau shrublands
USH00427516,"51304",Colorado Plateau shrublands
USH00428705,"51304",Colorado Plateau shrublands
USH00429111,"51304",Colorado Plateau shrublands
USH00429717,"51304",Colorado Plateau shrublands
USH00040693,"51202",California interior chaparral and woodlands
USH00042728,"51202",California interior chaparral and woodlands
USH00043875,"51202",California interior chaparral and woodlands
USH00044890,"51202",California interior chaparral and woodlands
USH00044997,"51202",California interior chaparral and woodlands
USH00046074,"51202",California interior chaparral and woodlands
USH00046730,"51202",California interior chaparral and woodlands
USH00046826,"51202",California interior chaparral and woodlands
USH00047851,"51202",California interior chaparral and woodlands
USH00047916,"51202",California interior chaparral and woodlands
USH00047965,"51202",California interior chaparral and woodlands
USH00048839,"51202",California interior chaparral and woodlands
USH00049122,"51202",California interior chaparral and woodlands
USH00041715,"50801",California Central Valley grasslands
USH00042294,"50801",California Central Valley grasslands
USH00043257,"50801",California Central Valley grasslands
USH00043747,"50801",California Central Valley grasslands
USH00045032,"50801",California Central Valley grasslands
USH00045385,"50801",California Central Valley grasslands
USH00045532,"50801",California Central Valley grasslands
USH00046506,"50801",California Central Valley grasslands
USH00047304,"50801",California Central Valley grasslands
USH00049200,"50801",California Central Valley grasslands
USH00049452,"50801",California Central Valley grasslands
USH00049699,"50801",California Central Valley grasslands
USH00284229,"50504",Atlantic coastal pine barrens
USH00288816,"50504",Atlantic coastal pine barrens
USH00015749,"50404",Central U.S. hardwood forests
USH00032356,"50404",Central U.S. hardwood forests
USH00032444,"50404",Central U.S. hardwood forests
USH00032930,"50404",Central U.S. hardwood forests
USH00034572,"50404",Central U.S. hardwood forests
USH00110187,"50404",Central U.S. hardwood forests
USH00112483,"50404",Central U.S. hardwood forests
USH00113879,"50404",Central U.S. hardwood forests
USH00115515,"50404",Central U.S. hardwood forests
USH00116558,"50404",Central U.S. hardwood forests
USH00118147,"50404",Central U.S. hardwood forests
USH00120784,"50404",Central U.S. hardwood forests
USH00121030,"50404",Central U.S. hardwood forests
USH00125237,"50404",Central U.S. hardwood forests
USH00126001,"50404",Central U.S. hardwood forests
USH00126580,"50404",Central U.S. hardwood forests
USH00126705,"50404",Central U.S. hardwood forests
USH00127125,"50404",Central U.S. hardwood forests
USH00127522,"50404",Central U.S. hardwood forests
USH00127755,"50404",Central U.S. hardwood forests
USH00128036,"50404",Central U.S. hardwood forests
USH00129080,"50404",Central U.S. hardwood forests
USH00129113,"50404",Central U.S. hardwood forests
USH00129253,"50404",Central U.S. hardwood forests
USH00150619,"50404",Central U.S. hardwood forests
USH00150909,"50404",Central U.S. hardwood forests
USH00153028,"50404",Central U.S. hardwood forests
USH00153430,"50404",Central U.S. hardwood forests
USH00153762,"50404",Central U.S. hardwood forests
USH00153994,"50404",Central U.S. hardwood forests
USH00154703,"50404",Central U.S. hardwood forests
USH00157324,"50404",Central U.S. hardwood forests
USH00158714,"50404",Central U.S. hardwood forests
USH00220488,"50404",Central U.S. hardwood forests
USH00221962,"50404",Central U.S. hardwood forests
USH00223975,"50404",Central U.S. hardwood forests
USH00224173,"50404",Central U.S. hardwood forests
USH00232289,"50404",Central U.S. hardwood forests
USH00232809,"50404",Central U.S. hardwood forests
USH00234825,"50404",Central U.S. hardwood forests
USH00235253,"50404",Central U.S. hardwood forests
USH00235834,"50404",Central U.S. hardwood forests
USH00235976,"50404",Central U.S. hardwood forests
USH00237263,"50404",Central U.S. hardwood forests
USH00238466,"50404",Central U.S. hardwood forests
USH00401790,"50404",Central U.S. hardwood forests
USH00402108,"50404",Central U.S. hardwood forests
USH00402489,"50404",Central U.S. hardwood forests
USH00402589,"50404",Central U.S. hardwood forests
USH00404561,"50404",Central U.S. hardwood forests
USH00405187,"50404",Central U.S. hardwood forests
USH00405882,"50404",Central U.S. hardwood forests
USH00406371,"50404",Central U.S. hardwood forests
USH00409155,"50404",Central U.S. hardwood forests
USH00409219,"50404",Central U.S. hardwood forests
USH00409502,"50404",Central U.S. hardwood forests
USH00013160,"50413",Southeastern mixed forests
USH00013511,"50413",Southeastern mixed forests
USH00013816,"50413",Southeastern mixed forests
USH00017366,"50413",Southeastern mixed forests
USH00018178,"50413",Southeastern mixed forests
USH00018323,"50413",Southeastern mixed forests
USH00018380,"50413",Southeastern mixed forests
USH00018438,"50413",Southeastern mixed forests
USH00092318,"50413",Southeastern mixed forests
USH00093621,"50413",Southeastern mixed forests
USH00094170,"50413",Southeastern mixed forests
USH00095874,"50413",Southeastern mixed forests
USH00096335,"50413",Southeastern mixed forests
USH00098535,"50413",Southeastern mixed forests
USH00098740,"50413",Southeastern mixed forests
USH00099141,"50413",Southeastern mixed forests
USH00099157,"50413",Southeastern mixed forests
USH00099291,"50413",Southeastern mixed forests
USH00180700,"50413",Southeastern mixed forests
USH00183675,"50413",Southeastern mixed forests
USH00185111,"50413",Southeastern mixed forests
USH00186770,"50413",Southeastern mixed forests
USH00220021,"50413",Southeastern mixed forests
USH00220955,"50413",Southeastern mixed forests
USH00221094,"50413",Southeastern mixed forests
USH00221389,"50413",Southeastern mixed forests
USH00221880,"50413",Southeastern mixed forests
USH00222094,"50413",Southeastern mixed forests
USH00223107,"50413",Southeastern mixed forests
USH00224776,"50413",Southeastern mixed forests
USH00225247,"50413",Southeastern mixed forests
USH00225987,"50413",Southeastern mixed forests
USH00226177,"50413",Southeastern mixed forests
USH00227111,"50413",Southeastern mixed forests
USH00227132,"50413",Southeastern mixed forests
USH00228374,"50413",Southeastern mixed forests
USH00229079,"50413",Southeastern mixed forests
USH00229400,"50413",Southeastern mixed forests
USH00229793,"50413",Southeastern mixed forests
USH00229860,"50413",Southeastern mixed forests
USH00310090,"50413",Southeastern mixed forests
USH00311677,"50413",Southeastern mixed forests
USH00313969,"50413",Southeastern mixed forests
USH00314938,"50413",Southeastern mixed forests
USH00315123,"50413",Southeastern mixed forests
USH00315771,"50413",Southeastern mixed forests
USH00315838,"50413",Southeastern mixed forests
USH00315890,"50413",Southeastern mixed forests
USH00317202,"50413",Southeastern mixed forests
USH00317615,"50413",Southeastern mixed forests
USH00318292,"50413",Southeastern mixed forests
USH00380074,"50413",Southeastern mixed forests
USH00380165,"50413",Southeastern mixed forests
USH00381277,"50413",Southeastern mixed forests
USH00381770,"50413",Southeastern mixed forests
USH00383747,"50413",Southeastern mixed forests
USH00383754,"50413",Southeastern mixed forests
USH00384690,"50413",Southeastern mixed forests
USH00385017,"50413",Southeastern mixed forests
USH00385200,"50413",Southeastern mixed forests
USH00386209,"50413",Southeastern mixed forests
USH00387631,"50413",Southeastern mixed forests
USH00387722,"50413",Southeastern mixed forests
USH00388887,"50413",Southeastern mixed forests
USH00389327,"50413",Southeastern mixed forests
USH00389350,"50413",Southeastern mixed forests
USH00440993,"50413",Southeastern mixed forests
USH00441593,"50413",Southeastern mixed forests
USH00442245,"50413",Southeastern mixed forests
USH00442941,"50413",Southeastern mixed forests
USH00443192,"50413",Southeastern mixed forests
USH00444101,"50413",Southeastern mixed forests
USH00444909,"50413",Southeastern mixed forests
USH00446712,"50413",Southeastern mixed forests
USH00447338,"50413",Southeastern mixed forests
USH00449151,"50413",Southeastern mixed forests
USH00141867,"50807",Flint Hills tall grasslands
USH00142401,"50807",Flint Hills tall grasslands
USH00144972,"50807",Flint Hills tall grasslands
USH00147305,"50807",Flint Hills tall grasslands
USH00072730,"50517",Middle Atlantic coastal forests
USH00073595,"50517",Middle Atlantic coastal forests
USH00075915,"50517",Middle Atlantic coastal forests
USH00181385,"50517",Middle Atlantic coastal forests
USH00181750,"50517",Middle Atlantic coastal forests
USH00182523,"50517",Middle Atlantic coastal forests
USH00185985,"50517",Middle Atlantic coastal forests
USH00187330,"50517",Middle Atlantic coastal forests
USH00188000,"50517",Middle Atlantic coastal forests
USH00280325,"50411",Northeastern coastal forests
USH00024645,"51308",Mojave desert
USH00042319,"51308",Mojave desert
USH00042941,"51308",Mojave desert
USH00046118,"51308",Mojave desert
USH00261071,"51308",Mojave desert
USH00267369,"51308",Mojave desert
USH00030936,"50409",Mississippi lowland forests
USH00031632,"50409",Mississippi lowland forests
USH00035186,"50409",Mississippi lowland forests
USH00035754,"50409",Mississippi lowland forests
USH00035820,"50409",Mississippi lowland forests
USH00036253,"50409",Mississippi lowland forests
USH00160549,"50409",Mississippi lowland forests
USH00161287,"50409",Mississippi lowland forests
USH00162151,"50409",Mississippi lowland forests
USH00162534,"50409",Mississippi lowland forests
USH00164407,"50409",Mississippi lowland forests
USH00165026,"50409",Mississippi lowland forests
USH00166664,"50409",Mississippi lowland forests
USH00168163,"50409",Mississippi lowland forests
USH00169013,"50409",Mississippi lowland forests
USH00169806,"50409",Mississippi lowland forests
USH00221707,"50409",Mississippi lowland forests
USH00223605,"50409",Mississippi lowland forests
USH00226009,"50409",Mississippi lowland forests
USH00231364,"50409",Mississippi lowland forests
USH00097847,"50517",Middle Atlantic coastal forests
USH00312635,"50517",Middle Atlantic coastal forests
USH00312719,"50517",Middle Atlantic coastal forests
USH00313017,"50517",Middle Atlantic coastal forests
USH00313510,"50517",Middle Atlantic coastal forests
USH00314684,"50517",Middle Atlantic coastal forests
USH00315177,"50517",Middle Atlantic coastal forests
USH00315830,"50517",Middle Atlantic coastal forests
USH00317994,"50517",Middle Atlantic coastal forests
USH00318113,"50517",Middle Atlantic coastal forests
USH00318500,"50517",Middle Atlantic coastal forests
USH00319476,"50517",Middle Atlantic coastal forests
USH00380559,"50517",Middle Atlantic coastal forests
USH00380764,"50517",Middle Atlantic coastal forests
USH00381310,"50517",Middle Atlantic coastal forests
USH00381549,"50517",Middle Atlantic coastal forests
USH00381588,"50517",Middle Atlantic coastal forests
USH00381944,"50517",Middle Atlantic coastal forests
USH00381997,"50517",Middle Atlantic coastal forests
USH00382260,"50517",Middle Atlantic coastal forests
USH00383468,"50517",Middle Atlantic coastal forests
USH00384753,"50517",Middle Atlantic coastal forests
USH00386527,"50517",Middle Atlantic coastal forests
USH00388426,"50517",Middle Atlantic coastal forests
USH00388440,"50517",Middle Atlantic coastal forests
USH00389469,"50517",Middle Atlantic coastal forests
USH00446139,"50517",Middle Atlantic coastal forests
USH00031596,"50412",Ozark Mountain forests
USH00034756,"50412",Ozark Mountain forests
USH00035512,"50412",Ozark Mountain forests
USH00036928,"50412",Ozark Mountain forests
USH00347254,"50412",Ozark Mountain forests
USH00348677,"50412",Ozark Mountain forests
USH00021614,"50503",Arizona Mountains forests
USH00023160,"50503",Arizona Mountains forests
USH00025512,"50503",Arizona Mountains forests
USH00026796,"50503",Arizona Mountains forests
USH00027281,"50503",Arizona Mountains forests
USH00029271,"50503",Arizona Mountains forests
USH00029359,"50503",Arizona Mountains forests
USH00295273,"50503",Arizona Mountains forests
USH00046399,"51203",California montane chaparral and woodlands
USH00047902,"51203",California montane chaparral and woodlands
USH00311458,"50517",Middle Atlantic coastal forests
USH00295965,"50503",Arizona Mountains forests
USH00020080,"51310",Sonoran desert
USH00021026,"51310",Sonoran desert
USH00021514,"51310",Sonoran desert
USH00026250,"51310",Sonoran desert
USH00027370,"51310",Sonoran desert
USH00028815,"51310",Sonoran desert
USH00029287,"51310",Sonoran desert
USH00029652,"51310",Sonoran desert
USH00040924,"51310",Sonoran desert
USH00041048,"51310",Sonoran desert
USH00044259,"51310",Sonoran desert
USH00035908,"50523",Piney Woods forests
USH00160098,"50523",Piney Woods forests
USH00160537,"50523",Piney Woods forests
USH00161411,"50523",Piney Woods forests
USH00167344,"50523",Piney Woods forests
USH00415618,"50523",Piney Woods forests
USH00041758,"51201",California coastal sage and chaparral
USH00042239,"51201",California coastal sage and chaparral
USH00046719,"51201",California coastal sage and chaparral
USH00047306,"51201",California coastal sage and chaparral
USH00049087,"51201",California coastal sage and chaparral
USH00026353,"51303",Chihuahuan desert
USH00027390,"51303",Chihuahuan desert
USH00028619,"51303",Chihuahuan desert
USH00291469,"51303",Chihuahuan desert
USH00292848,"51303",Chihuahuan desert
USH00293265,"51303",Chihuahuan desert
USH00293368,"51303",Chihuahuan desert
USH00294426,"51303",Chihuahuan desert
USH00296435,"51303",Chihuahuan desert
USH00297610,"51303",Chihuahuan desert
USH00298387,"51303",Chihuahuan desert
USH00298535,"51303",Chihuahuan desert
USH00299165,"51303",Chihuahuan desert
USH00410174,"51303",Chihuahuan desert
USH00410498,"51303",Chihuahuan desert
USH00412797,"51303",Chihuahuan desert
USH00413280,"51303",Chihuahuan desert
USH00415707,"51303",Chihuahuan desert
USH00416892,"51303",Chihuahuan desert
USH00295960,"50503",Arizona Mountains forests
USH00412019,"50814",Texas blackland prairies
USH00413734,"50814",Texas blackland prairies
USH00415869,"50814",Texas blackland prairies
USH00416276,"50814",Texas blackland prairies
USH00416794,"50814",Texas blackland prairies
USH00417945,"50814",Texas blackland prairies
USH00418910,"50814",Texas blackland prairies
USH00410639,"50405",East Central Texas forests
USH00413873,"50405",East Central Texas forests
USH00415429,"50405",East Central Texas forests
USH00011084,"50529",Southeastern conifer forests
USH00012813,"50529",Southeastern conifer forests
USH00080211,"50529",Southeastern conifer forests
USH00080228,"50529",Southeastern conifer forests
USH00080478,"50529",Southeastern conifer forests
USH00082220,"50529",Southeastern conifer forests
USH00082915,"50529",Southeastern conifer forests
USH00083186,"50529",Southeastern conifer forests
USH00083207,"50529",Southeastern conifer forests
USH00084289,"50529",Southeastern conifer forests
USH00084731,"50529",Southeastern conifer forests
USH00085275,"50529",Southeastern conifer forests
USH00086414,"50529",Southeastern conifer forests
USH00086997,"50529",Southeastern conifer forests
USH00087851,"50529",Southeastern conifer forests
USH00088758,"50529",Southeastern conifer forests
USH00088824,"50529",Southeastern conifer forests
USH00090140,"50529",Southeastern conifer forests
USH00090586,"50529",Southeastern conifer forests
USH00091500,"50529",Southeastern conifer forests
USH00092966,"50529",Southeastern conifer forests
USH00093754,"50529",Southeastern conifer forests
USH00095882,"50529",Southeastern conifer forests
USH00097276,"50529",Southeastern conifer forests
USH00098703,"50529",Southeastern conifer forests
USH00099186,"50529",Southeastern conifer forests
USH00160205,"50529",Southeastern conifer forests
USH00221865,"50529",Southeastern conifer forests
USH00223887,"50529",Southeastern conifer forests
USH00224939,"50529",Southeastern conifer forests
USH00226718,"50529",Southeastern conifer forests
USH00227128,"50529",Southeastern conifer forests
USH00229426,"50529",Southeastern conifer forests
USH00229439,"50529",Southeastern conifer forests
USH00410832,"50806",Edwards Plateau savanna
USH00410902,"50806",Edwards Plateau savanna
USH00415018,"50806",Edwards Plateau savanna
USH00415272,"50806",Edwards Plateau savanna
USH00091340,"50517",Middle Atlantic coastal forests
USH00163313,"50701",Western Gulf coastal grasslands
USH00163800,"50701",Western Gulf coastal grasslands
USH00164700,"50701",Western Gulf coastal grasslands
USH00410144,"50701",Western Gulf coastal grasslands
USH00412015,"50701",Western Gulf coastal grasslands
USH00412266,"50701",Western Gulf coastal grasslands
USH00413063,"50701",Western Gulf coastal grasslands
USH00415196,"50701",Western Gulf coastal grasslands
USH00082944,"50529",Southeastern conifer forests
USH00411048,"50814",Texas blackland prairies
USH00413183,"50814",Texas blackland prairies
USH00411528,"51312",Tamaulipan mezquital
USH00412679,"51312",Tamaulipan mezquital
USH00412906,"51312",Tamaulipan mezquital
USH00417622,"51312",Tamaulipan mezquital
USH00088942,"50513",Florida sand pine scrub
USH00080611,"60904",Everglades
USH00083163,"60904",Everglades
USH00087020,"60164",South Florida rocklands
USH00046175,,
USH00082850,,
USH00084570,,
USH00185718,,
USH00187806,,
USH00450008,,
USH00456096,,
USH00456678,,
